Timestamp,Load Cell Data
2024-04-02 19:12:13.128764,0.05
2024-04-02 19:12:14.137107,0.02
2024-04-02 19:12:15.149365,0.01
2024-04-02 19:12:16.157876,0.01
2024-04-02 19:12:17.166758,0.01
2024-04-02 19:12:18.176670,0.01
2024-04-02 19:12:19.190786,0.01
2024-04-02 19:12:20.201951,0.02
2024-04-02 19:12:21.216679,0.00
2024-04-02 19:12:22.227867,0.02
2024-04-02 19:12:23.228736,0.03
2024-04-02 19:12:24.240786,0.02
2024-04-02 19:12:25.253099,0.02
2024-04-02 19:12:26.266809,0.01
2024-04-02 19:12:27.278364,0.01
2024-04-02 19:12:28.284655,0.02
2024-04-02 19:12:29.292244,0.03
2024-04-02 19:12:30.293922,0.01
2024-04-02 19:12:31.304949,0.02
2024-04-02 19:12:32.317327,0.00
2024-04-02 19:12:33.328775,0.00
2024-04-02 19:12:34.342569,0.05
2024-04-02 19:12:35.354579,0.04
2024-04-02 19:12:36.365809,0.02
2024-04-02 19:12:37.381096,0.05
2024-04-02 19:12:38.393457,0.05
2024-04-02 19:12:39.402988,0.02
2024-04-02 19:19:12.773661,0.05
2024-04-02 19:19:13.788195,0.03
2024-04-02 19:19:14.795824,0.01
2024-04-02 19:19:15.809252,0.04
2024-04-02 19:19:16.819712,0.01
2024-04-02 19:19:17.827978,0.00
2024-04-02 19:19:18.840217,0.03
2024-04-02 19:19:19.855689,0.00
2024-04-02 19:19:20.863062,0.01
2024-04-02 19:19:21.874321,0.00
2024-04-02 19:19:22.883896,0.02
2024-04-02 19:19:23.894117,0.04
2024-04-02 19:19:24.907755,0.01
2024-04-02 19:19:25.918146,0.01
2024-04-02 19:19:26.927481,0.01
2024-04-02 19:19:27.940502,0.00
2024-04-02 19:19:28.954640,0.02
2024-04-02 19:19:29.965357,0.00
2024-04-02 19:19:30.974886,0.03
2024-04-02 19:19:31.985896,0.05
2024-04-02 19:19:32.996212,0.00
2024-04-02 19:19:34.008342,0.01
2024-04-02 19:19:35.013008,0.01
2024-04-02 19:19:36.022567,0.01
2024-04-02 19:19:37.035934,0.05
2024-04-02 19:19:38.050460,0.06
2024-04-02 19:19:39.052475,0.03
2024-04-02 19:19:40.064599,0.02
2024-04-02 19:19:41.079674,0.01
2024-04-02 19:19:42.094242,0.01
2024-04-02 19:19:43.103073,0.03
2024-04-02 19:19:44.116513,0.02
2024-04-02 19:19:45.127923,0.02
2024-04-02 19:19:46.140613,0.00
2024-04-02 19:19:47.153308,0.05
2024-04-02 19:19:48.168169,0.03
2024-04-02 19:19:49.178062,0.02
2024-04-02 19:19:50.190222,0.01
2024-04-02 19:19:51.198070,0.02
2024-04-02 19:19:52.209586,0.00
2024-04-02 19:19:53.222610,0.02
2024-04-02 19:19:54.234605,0.02
2024-04-02 19:19:55.244526,0.01
2024-04-02 19:19:56.248151,0.03
2024-04-02 19:19:57.262995,0.05
2024-04-02 19:19:58.276524,0.02
2024-04-02 19:19:59.288926,0.01
2024-04-02 19:20:00.295080,0.00
2024-04-02 19:20:01.302028,0.03
2024-04-02 19:20:02.316381,0.01
2024-04-02 19:20:03.328308,0.01
2024-04-02 19:20:04.337561,0.01
2024-04-02 19:20:05.338261,0.05
2024-04-02 19:20:06.351898,0.02
2024-04-02 19:20:07.362680,0.00
2024-04-02 19:20:08.375254,0.03
2024-04-02 19:20:09.388483,0.01
2024-04-02 19:20:10.398615,0.01
2024-04-02 19:20:11.412339,0.01
2024-04-02 19:20:12.413570,0.04
2024-04-02 19:20:13.420453,0.01
2024-04-02 19:20:14.434397,0.00
2024-04-02 19:20:15.439642,0.01
2024-04-02 19:20:16.449940,0.03
2024-04-02 19:20:17.459864,0.05
2024-04-02 19:20:18.473411,0.01
2024-04-02 19:20:19.483389,0.02
2024-04-02 19:20:20.495285,0.05
2024-04-02 19:20:21.505876,0.00
2024-04-02 19:20:22.515469,0.01
2024-04-02 19:20:23.524440,0.04
2024-04-02 19:20:24.534316,0.00
2024-04-02 19:20:25.546068,0.01
2024-04-02 19:20:26.555935,0.01
2024-04-02 19:20:27.563920,0.02
2024-04-02 19:20:28.575130,0.03
2024-04-02 19:20:29.587482,0.01
2024-04-02 19:20:30.601164,0.01
2024-04-02 19:20:31.610640,0.00
2024-04-02 19:20:32.611104,0.01
2024-04-02 19:20:33.623013,0.02
2024-04-02 19:20:34.637477,0.00
2024-04-02 19:20:35.651172,0.00
2024-04-02 19:20:36.662366,0.01
2024-04-02 19:20:37.672904,0.00
2024-04-02 19:20:38.684532,0.02
2024-04-02 19:20:39.695540,0.00
2024-04-02 19:20:40.708094,0.01
2024-04-02 19:20:41.719418,0.01
2024-04-02 19:20:42.733110,0.01
2024-04-02 19:20:43.744964,0.02
2024-04-02 19:20:44.759401,0.01
2024-04-02 19:20:45.770551,0.01
2024-04-02 19:20:46.784465,0.02
2024-04-02 19:20:47.795813,0.01
2024-04-02 19:20:48.804831,0.00
2024-04-02 19:20:49.814721,0.04
2024-04-02 19:20:50.818967,0.01
2024-04-02 19:20:51.821026,0.02
2024-04-02 19:20:52.823758,0.03
2024-04-02 19:20:53.835776,0.02
2024-04-02 19:20:54.846033,0.00
2024-04-02 19:20:55.860701,0.02
2024-04-02 19:20:56.873102,0.01
2024-04-02 19:20:57.882522,0.02
2024-04-02 19:20:58.891589,0.01
2024-04-02 19:20:59.903628,0.02
2024-04-02 19:21:00.919369,0.00
2024-04-02 19:21:01.929604,0.01
2024-04-02 19:21:02.932114,0.03
2024-04-02 19:21:03.945168,0.04
2024-04-02 19:21:04.957265,0.02
2024-04-02 19:21:05.969946,0.02
2024-04-02 19:21:06.977060,0.01
2024-04-02 19:21:07.989818,0.05
2024-04-02 19:21:09.001391,0.00
2024-04-02 19:21:10.014963,0.04
2024-04-02 19:21:11.025263,0.01
2024-04-02 19:21:12.034876,0.00
2024-04-02 19:21:13.042101,0.00
2024-04-02 19:21:14.047818,0.03
2024-04-02 19:21:15.062264,0.04
2024-04-02 19:21:16.074612,0.00
2024-04-02 19:21:17.088385,0.02
2024-04-02 19:21:18.100629,0.00
2024-04-02 19:21:19.110028,0.01
2024-04-02 19:21:20.121349,0.01
2024-04-02 19:21:21.132282,0.03
2024-04-02 19:21:22.137356,0.00
2024-04-02 19:21:23.149254,0.04
2024-04-02 19:21:24.161128,0.06
2024-04-02 19:21:25.171627,0.05
2024-04-02 19:21:26.183612,0.01
2024-04-02 19:21:27.196488,0.01
2024-04-02 19:21:28.209045,0.01
2024-04-02 19:21:29.221705,0.03
2024-04-02 19:21:30.236788,0.04
2024-04-02 19:21:31.248514,0.01
2024-04-02 19:21:32.254365,0.02
2024-04-02 19:21:33.257858,0.03
2024-04-02 19:21:34.260422,0.04
2024-04-02 19:21:35.260531,0.01
2024-04-02 19:21:36.264045,0.02
2024-04-02 19:21:37.264846,0.01
2024-04-02 19:21:38.274788,0.03
2024-04-02 19:21:39.277705,0.00
2024-04-02 19:21:40.284660,0.07
2024-04-02 19:21:41.291608,0.04
2024-04-02 19:21:42.306202,0.01
2024-04-02 19:21:43.320788,0.03
2024-04-02 19:21:44.323086,0.02
2024-04-02 19:21:45.329260,0.01
2024-04-02 19:21:46.338127,0.02
2024-04-02 19:21:47.338967,0.02
2024-04-02 19:21:48.339181,0.00
2024-04-02 19:21:49.352551,0.02
2024-04-02 19:21:50.353619,0.00
2024-04-02 19:21:51.355420,0.02
2024-04-02 19:21:52.364042,0.02
2024-04-02 19:21:53.373276,0.07
2024-04-02 19:21:54.375168,0.06
2024-04-02 19:21:55.383408,0.02
2024-04-02 19:21:56.384164,0.02
2024-04-02 19:21:57.385891,0.00
2024-04-02 19:21:58.386874,0.02
2024-04-02 19:21:59.398706,0.02
2024-04-02 19:22:00.399242,0.01
2024-04-02 19:22:01.402351,0.02
2024-04-02 19:22:02.417544,0.01
2024-04-02 19:22:03.418347,0.03
2024-04-02 19:22:04.419232,0.06
2024-04-02 19:22:05.419950,0.02
2024-04-02 19:22:06.425783,0.01
2024-04-02 19:22:07.433741,0.04
2024-04-02 19:22:08.435118,0.05
2024-04-02 19:22:09.447165,0.01
2024-04-02 19:22:10.447768,0.03
2024-04-02 19:22:11.455617,0.02
2024-04-02 19:22:12.463682,0.02
2024-04-02 19:22:13.474609,0.01
2024-04-02 19:22:14.477791,0.01
2024-04-02 19:22:15.479104,0.05
2024-04-02 19:22:16.484384,0.03
2024-04-02 19:22:17.495769,0.00
2024-04-02 19:22:18.510737,0.01
2024-04-02 19:22:19.511835,0.00
2024-04-02 19:22:20.517860,0.06
2024-04-02 19:22:21.525914,0.01
2024-04-02 19:22:22.527500,0.05
2024-04-02 19:22:23.532261,0.01
2024-04-02 19:22:24.542768,0.05
2024-04-02 19:22:25.554813,0.06
2024-04-02 19:22:26.558021,0.06
2024-04-02 19:22:27.559390,0.00
2024-04-02 19:22:28.571734,0.00
2024-04-02 19:22:29.573052,0.00
2024-04-02 19:22:30.584637,0.04
2024-04-02 19:22:31.586523,0.05
2024-04-02 19:22:32.588387,0.01
2024-04-02 19:22:33.591062,0.04
2024-04-02 19:22:34.593308,0.03
2024-04-02 19:22:35.602164,0.08
2024-04-02 19:22:36.604384,0.06
2024-04-02 19:22:37.605381,0.08
2024-04-02 19:22:38.616032,0.20
2024-04-02 19:22:39.622061,0.45
2024-04-02 19:22:40.622436,0.47
2024-04-02 19:22:41.634910,0.35
2024-04-02 19:22:42.635913,0.34
2024-04-02 19:22:43.638927,0.40
2024-04-02 19:22:44.651261,0.44
2024-04-02 19:22:45.652475,0.40
2024-04-02 19:22:46.660556,0.37
2024-04-02 19:22:47.662700,0.30
2024-04-02 19:22:48.666412,0.27
2024-04-02 19:22:49.668601,0.30
2024-04-02 19:22:50.669392,0.27
2024-04-02 19:22:51.678771,0.27
2024-04-02 19:22:52.683276,0.34
2024-04-02 19:22:53.684068,0.39
2024-04-02 19:22:54.687509,0.29
2024-04-02 19:22:55.698865,0.13
2024-04-02 19:22:56.710428,0.02
2024-04-02 19:22:57.712692,0.01
2024-04-02 19:22:58.713154,0.09
2024-04-02 19:22:59.714185,0.18
2024-04-02 19:23:00.725928,0.19
2024-04-02 19:23:01.729396,0.12
2024-04-02 19:23:02.733142,0.01
2024-04-02 19:23:03.746022,0.20
2024-04-02 19:23:04.747795,0.34
2024-04-02 19:23:05.751722,0.31
2024-04-02 19:23:06.759870,0.25
2024-04-02 19:23:07.761668,0.18
2024-04-02 19:23:08.774248,0.17
2024-04-02 19:23:09.778402,0.29
2024-04-02 19:23:10.788716,0.53
2024-04-02 19:23:11.791193,0.69
2024-04-02 19:23:12.791498,0.68
2024-04-02 19:23:13.793012,0.66
2024-04-02 19:23:14.799194,0.63
2024-04-02 19:23:15.808282,0.66
2024-04-02 19:23:16.813953,0.59
2024-04-02 19:23:17.821302,0.48
2024-04-02 19:23:18.823093,0.52
2024-04-02 19:23:19.824603,0.61
2024-04-02 19:23:20.825256,0.71
2024-04-02 19:23:21.833479,0.71
2024-04-02 19:23:22.838088,0.68
2024-04-02 19:23:23.840900,0.61
2024-04-02 19:23:24.850750,0.57
2024-04-02 19:23:25.853724,0.59
2024-04-02 19:23:26.853253,0.66
2024-04-02 19:23:27.855109,0.69
2024-04-02 19:23:28.856207,0.70
2024-04-02 19:23:29.871729,0.69
2024-04-02 19:23:30.871838,0.73
2024-04-02 19:23:31.873435,0.72
2024-04-02 19:23:32.885677,0.65
2024-04-02 19:23:33.900248,0.63
2024-04-02 19:23:34.900721,0.67
2024-04-02 19:23:35.908970,0.70
2024-04-02 19:23:36.914936,0.63
2024-04-02 19:23:37.916797,0.66
2024-04-02 19:23:38.924746,0.72
2024-04-02 19:23:39.933942,0.80
2024-04-02 19:23:40.937967,0.62
2024-04-02 19:23:41.950663,0.40
2024-04-02 19:23:42.954232,0.30
2024-04-02 19:23:43.954975,0.47
2024-04-02 19:23:44.961951,0.89
2024-04-02 19:23:45.962321,1.55
2024-04-02 19:23:46.964035,2.38
2024-04-02 19:23:47.964809,3.49
2024-04-02 19:23:48.965121,4.62
2024-04-02 19:23:49.966682,5.81
2024-04-02 19:23:50.981546,6.60
2024-04-02 19:23:51.993865,6.44
2024-04-02 19:23:52.994889,5.73
2024-04-02 19:23:54.004467,5.01
2024-04-02 19:23:55.012539,4.79
2024-04-02 19:23:56.025679,5.01
2024-04-02 19:23:57.026872,4.89
2024-04-02 19:23:58.030188,3.84
2024-04-02 19:23:59.037185,2.95
2024-04-02 19:24:00.041502,2.67
2024-04-02 19:24:01.043143,2.78
2024-04-02 19:24:02.054252,3.25
2024-04-02 19:24:03.057585,3.87
2024-04-02 19:24:04.060297,4.26
2024-04-02 19:24:05.064135,4.50
2024-04-02 19:24:06.073156,4.83
2024-04-02 19:24:07.072694,5.14
2024-04-02 19:24:08.087166,5.46
2024-04-02 19:24:09.091412,5.79
2024-04-02 19:24:10.092529,6.11
2024-04-02 19:24:11.100297,6.33
2024-04-02 19:24:12.104823,6.58
2024-04-02 19:24:13.118757,6.69
2024-04-02 19:24:14.121435,6.63
2024-04-02 19:24:15.122999,6.51
2024-04-02 19:24:16.137087,6.36
2024-04-02 19:24:17.142027,6.21
2024-04-02 19:24:18.151891,6.21
2024-04-02 19:24:19.151939,6.26
2024-04-02 19:24:20.158288,6.37
2024-04-02 19:24:21.166110,6.33
2024-04-02 19:24:22.167916,6.17
2024-04-02 19:24:23.168388,6.07
2024-04-02 19:24:24.168465,5.97
2024-04-02 19:24:25.172105,5.71
2024-04-02 19:24:26.180560,5.61
2024-04-02 19:24:27.183990,5.63
2024-04-02 19:24:28.185125,5.77
2024-04-02 19:24:29.195149,5.84
2024-04-02 19:24:30.196153,5.93
2024-04-02 19:24:31.198237,5.98
2024-04-02 19:24:32.212530,6.09
2024-04-02 19:24:33.213409,6.23
2024-04-02 19:24:34.221211,6.24
2024-04-02 19:24:35.229279,6.19
2024-04-02 19:24:36.244363,6.29
2024-04-02 19:24:37.253831,6.23
2024-04-02 19:24:38.261592,6.15
2024-04-02 19:24:39.275869,6.06
2024-04-02 19:24:40.277478,5.97
2024-04-02 19:24:41.281377,5.82
2024-04-02 19:24:42.293391,5.78
2024-04-02 19:24:43.293923,5.71
2024-04-02 19:24:44.300171,5.63
2024-04-02 19:24:45.306510,5.67
2024-04-02 19:24:46.309664,5.62
2024-04-02 19:24:47.320920,5.68
2024-04-02 19:24:48.323702,5.84
2024-04-02 19:24:49.337466,5.96
2024-04-02 19:24:50.352544,6.02
2024-04-02 19:24:51.357269,6.03
2024-04-02 19:24:52.357931,6.05
2024-04-02 19:24:53.370834,6.00
2024-04-02 19:24:54.383154,5.94
2024-04-02 19:24:55.385830,5.88
2024-04-02 19:24:56.385527,5.78
2024-04-02 19:24:57.397750,5.69
2024-04-02 19:24:58.399089,5.65
2024-04-02 19:24:59.400470,5.72
2024-04-02 19:25:00.401241,5.69
2024-04-02 19:25:01.410956,5.64
2024-04-02 19:25:02.415944,5.72
2024-04-02 19:25:03.418523,5.85
2024-04-02 19:25:04.427774,5.97
2024-04-02 19:25:05.433235,6.16
2024-04-02 19:25:06.434468,6.16
2024-04-02 19:25:07.434205,6.16
2024-04-02 19:25:08.449031,6.23
2024-04-02 19:25:09.461825,6.29
2024-04-02 19:25:10.463208,6.14
2024-04-02 19:25:11.464035,6.02
2024-04-02 19:25:12.464683,5.84
2024-04-02 19:29:10.254418,0.02
2024-04-02 19:29:11.255504,0.00
2024-04-02 19:29:12.270371,0.03
2024-04-02 19:29:13.275937,0.03
2024-04-02 19:29:14.277252,0.01
2024-04-02 19:29:15.288880,0.05
2024-04-02 19:29:16.299470,0.06
2024-04-02 19:29:17.307033,0.03
2024-04-02 19:29:18.318439,0.03
2024-04-02 19:29:19.329034,0.02
2024-04-02 19:29:20.329542,0.01
2024-04-02 19:29:21.341039,0.02
2024-04-02 19:29:22.352884,0.03
2024-04-02 19:29:23.360077,0.01
2024-04-02 19:29:24.371423,0.03
2024-04-02 19:29:25.384729,0.01
2024-04-02 19:29:26.394648,0.02
2024-04-02 19:29:27.402396,0.00
2024-04-02 19:29:28.413397,0.01
2024-04-02 19:29:29.422906,0.05
2024-04-02 19:29:30.424419,0.01
2024-04-02 19:29:31.425679,0.03
2024-04-02 19:29:32.439167,0.01
2024-04-02 19:29:33.447077,0.01
2024-04-02 19:29:34.457693,0.04
2024-04-02 19:29:35.468457,0.10
2024-04-02 19:29:36.470663,0.08
2024-04-02 19:29:44,0.01
2024-04-02 19:29:45,0.02
2024-04-02 19:29:46,0.02
2024-04-02 19:29:47,0.01
2024-04-02 19:29:48,0.03
2024-04-02 19:29:49,0.01
2024-04-02 19:29:50,0.00
2024-04-02 19:29:51,0.04
2024-04-02 19:29:52,0.02
2024-04-02 19:29:53,0.00
2024-04-02 19:29:54,0.02
2024-04-02 19:29:55,0.02
2024-04-02 19:29:56,0.07
2024-04-02 19:29:57,0.01
2024-04-02 19:29:58,0.01
2024-04-02 19:29:59,0.01
2024-04-02 19:30:00,0.01
2024-04-02 19:30:01,0.01
2024-04-02 19:30:02,0.05
2024-04-02 19:30:03,0.04
2024-04-02 19:30:04,0.01
2024-04-02 19:30:05,0.02
2024-04-02 19:30:06,0.02
2024-04-02 19:30:07,0.02
2024-04-02 19:30:08,0.02
2024-04-02 19:30:09,0.02
2024-04-02 19:30:10,0.02
2024-04-02 19:30:11,0.03
2024-04-02 19:30:12,0.02
2024-04-02 19:30:13,0.00
2024-04-02 19:30:14,0.04
2024-04-02 19:30:15,0.04
2024-04-02 19:30:16,0.04
2024-04-02 19:30:17,0.05
2024-04-02 19:30:18,0.03
2024-04-02 19:30:19,0.02
2024-04-02 19:30:20,0.02
2024-04-02 19:30:21,0.04
2024-04-02 19:30:22,0.00
2024-04-02 19:30:23,0.06
2024-04-02 19:30:24,0.01
2024-04-02 19:30:25,0.06
2024-04-02 19:30:26,0.02
2024-04-02 19:30:27,0.03
2024-04-02 19:30:28,0.01
2024-04-02 19:30:29,0.02
2024-04-02 19:30:30,0.03
2024-04-02 19:30:31,0.01
2024-04-02 19:30:32,0.01
2024-04-02 19:30:33,0.01
2024-04-02 19:30:34,0.01
2024-04-02 19:30:35,0.02
2024-04-02 19:30:36,0.07
2024-04-02 19:30:37,0.07
2024-04-02 19:30:38,0.06
2024-04-02 19:30:39,0.03
2024-04-02 19:30:40,0.01
2024-04-02 19:30:41,0.04
2024-04-02 19:30:42,0.07
2024-04-02 19:30:43,0.06
2024-04-02 19:30:44,0.04
2024-04-02 19:30:45,0.05
2024-04-02 19:30:46,0.04
2024-04-02 19:30:47,0.03
2024-04-02 19:30:48,0.02
2024-04-02 19:30:49,0.04
2024-04-02 19:30:50,0.00
2024-04-02 19:30:51,0.02
2024-04-02 19:30:52,0.05
2024-04-02 19:30:53,0.02
2024-04-02 19:30:54,0.01
2024-04-02 19:30:55,0.06
2024-04-02 19:30:56,0.12
2024-04-02 19:30:57,0.07
2024-04-02 19:30:58,0.01
2024-04-02 19:30:59,0.00
2024-04-02 19:31:00,0.02
2024-04-02 19:31:01,0.02
2024-04-02 19:31:02,0.00
2024-04-02 19:31:03,0.05
2024-04-02 19:31:04,0.07
2024-04-02 19:31:05,0.03
2024-04-02 19:31:07,0.04
2024-04-02 19:31:08,0.00
2024-04-02 19:31:09,0.02
2024-04-02 19:31:10,0.01
2024-04-02 19:31:11,0.03
2024-04-02 19:31:12,0.02
2024-04-02 19:31:13,0.00
2024-04-02 19:31:14,0.03
2024-04-02 19:31:15,0.03
2024-04-02 19:31:16,0.02
2024-04-02 19:31:17,0.04
2024-04-02 19:31:18,0.05
2024-04-02 19:31:19,0.03
2024-04-02 19:31:20,0.02
2024-04-02 19:31:21,0.00
2024-04-02 19:31:22,0.01
2024-04-02 19:31:23,0.01
2024-04-02 19:31:24,0.02
2024-04-02 19:31:25,0.04
2024-04-02 19:31:26,0.06
2024-04-02 19:31:27,0.05
2024-04-02 19:31:28,0.03
2024-04-02 19:31:29,0.01
2024-04-02 19:31:30,0.02
2024-04-02 19:31:31,0.01
2024-04-02 19:31:32,0.02
2024-04-02 19:31:33,0.03
2024-04-02 19:31:34,0.04
2024-04-02 19:31:35,0.03
2024-04-02 19:31:36,0.02
2024-04-02 19:31:37,0.02
2024-04-02 19:31:38,0.01
2024-04-02 19:31:39,0.03
2024-04-02 19:31:40,0.02
2024-04-02 19:31:41,0.03
2024-04-02 19:31:42,0.03
2024-04-02 19:31:43,0.01
2024-04-02 19:31:44,0.02
2024-04-02 19:31:45,0.02
2024-04-02 19:31:46,0.02
2024-04-02 19:31:47,0.02
2024-04-02 19:31:48,0.02
2024-04-02 19:31:49,0.02
2024-04-02 19:31:50,0.03
2024-04-02 19:31:51,0.01
2024-04-02 19:31:52,0.00
2024-04-02 19:31:53,0.02
2024-04-02 19:31:54,0.01
2024-04-02 19:31:55,0.01
2024-04-02 19:31:56,0.06
2024-04-02 19:31:57,0.06
2024-04-02 19:31:58,0.06
2024-04-02 19:31:59,0.04
2024-04-02 19:32:00,0.05
2024-04-02 19:32:01,0.05
2024-04-02 19:32:02,0.01
2024-04-02 19:32:03,0.01
2024-04-02 19:32:04,0.01
2024-04-02 19:32:05,0.03
2024-04-02 19:32:06,0.02
2024-04-02 19:32:07,0.03
2024-04-02 19:32:08,0.02
2024-04-02 19:32:09,0.04
2024-04-02 19:32:10,0.08
2024-04-02 19:32:11,0.08
2024-04-02 19:32:12,0.01
2024-04-02 19:32:13,0.04
2024-04-02 19:32:14,0.04
2024-04-02 19:32:15,0.00
2024-04-02 19:32:16,0.01
2024-04-02 19:32:17,0.02
2024-04-02 19:32:18,0.01
2024-04-02 19:32:19,0.03
2024-04-02 19:32:20,0.03
2024-04-02 19:32:21,0.02
2024-04-02 19:32:22,0.03
2024-04-02 19:32:23,0.01
2024-04-02 19:32:24,0.02
2024-04-02 19:32:25,0.04
2024-04-02 19:32:26,0.05
2024-04-02 19:32:27,0.05
2024-04-02 19:32:28,0.01
2024-04-02 19:32:29,0.00
2024-04-02 19:32:30,0.03
2024-04-02 19:32:31,0.05
2024-04-02 19:32:32,0.03
2024-04-02 19:32:33,0.07
2024-04-02 19:32:34,0.06
2024-04-02 19:32:35,0.02
2024-04-02 19:32:36,0.06
2024-04-02 19:32:37,0.05
2024-04-02 19:32:38,0.02
2024-04-02 19:32:39,0.05
2024-04-02 19:32:40,0.03
2024-04-02 19:32:41,0.02
2024-04-02 19:32:43,0.02
2024-04-02 19:32:44,0.03
2024-04-02 19:32:45,0.03
2024-04-02 19:32:46,0.02
2024-04-02 19:32:47,0.01
2024-04-02 19:32:48,0.02
2024-04-02 19:32:49,0.00
2024-04-02 19:32:50,0.02
2024-04-02 19:32:51,0.03
2024-04-02 19:32:52,0.04
2024-04-02 19:32:53,0.08
2024-04-02 19:32:54,0.04
2024-04-02 19:32:55,0.01
2024-04-02 19:32:56,0.02
2024-04-02 19:32:57,0.01
2024-04-02 19:32:58,0.03
2024-04-02 19:32:59,0.02
2024-04-02 19:33:00,0.01
2024-04-02 19:33:01,0.04
2024-04-02 19:33:02,0.03
2024-04-02 19:33:03,0.02
2024-04-02 19:33:04,0.01
2024-04-02 19:33:05,0.04
2024-04-02 19:33:06,0.03
2024-04-02 19:33:07,0.02
2024-04-02 19:33:08,0.04
2024-04-02 19:33:09,0.06
2024-04-02 19:33:10,0.00
2024-04-02 19:33:11,0.01
2024-04-02 19:33:12,0.07
2024-04-02 19:33:13,0.01
2024-04-02 19:33:14,0.01
2024-04-02 19:33:15,0.03
2024-04-02 19:33:16,0.03
2024-04-02 19:33:17,0.05
2024-04-02 19:33:18,0.06
2024-04-02 19:33:19,0.01
2024-04-02 19:33:20,0.01
2024-04-02 19:33:21,0.02
2024-04-02 19:33:22,0.01
2024-04-02 19:33:23,0.04
2024-04-02 19:33:24,0.01
2024-04-02 19:33:25,0.02
2024-04-02 19:33:26,0.03
2024-04-02 19:33:27,0.04
2024-04-02 19:33:28,0.07
2024-04-02 19:33:29,0.06
2024-04-02 19:33:30,0.06
2024-04-02 19:33:31,0.02
2024-04-02 19:33:32,0.04
2024-04-02 19:33:33,0.03
2024-04-02 19:33:34,0.02
2024-04-02 19:33:35,0.01
2024-04-02 19:33:36,0.02
2024-04-02 19:33:37,0.05
2024-04-02 19:33:38,0.01
2024-04-02 19:33:39,0.01
2024-04-02 19:33:40,0.02
2024-04-02 19:33:41,0.01
2024-04-02 19:33:42,0.04
2024-04-02 19:33:43,0.02
2024-04-02 19:33:44,0.03
2024-04-02 19:33:45,0.03
2024-04-02 19:33:46,0.03
2024-04-02 19:33:47,0.02
2024-04-02 19:33:48,0.01
2024-04-02 19:33:49,0.03
2024-04-02 19:33:50,0.05
2024-04-02 19:33:51,0.02
2024-04-02 19:33:52,0.00
2024-04-02 19:33:53,0.00
2024-04-02 19:33:54,0.01
2024-04-02 19:33:55,0.04
2024-04-02 19:33:56,0.10
2024-04-02 19:33:57,0.07
2024-04-02 19:33:58,0.00
2024-04-02 19:33:59,0.01
2024-04-02 19:34:00,0.03
2024-04-02 19:34:01,0.01
2024-04-02 19:34:02,0.02
2024-04-02 19:34:03,0.02
2024-04-02 19:34:04,0.02
2024-04-02 19:34:05,0.01
2024-04-02 19:34:06,0.01
2024-04-02 19:34:07,0.06
2024-04-02 19:34:08,0.09
2024-04-02 19:34:09,0.06
2024-04-02 19:34:10,0.02
2024-04-02 19:34:11,0.05
2024-04-02 19:34:13,0.06
2024-04-02 19:34:14,0.06
2024-04-02 19:34:15,0.00
2024-04-02 19:34:16,0.02
2024-04-02 19:34:17,0.06
2024-04-02 19:34:18,0.06
2024-04-02 19:34:19,0.01
2024-04-02 19:34:20,0.01
2024-04-02 19:34:21,0.02
2024-04-02 19:34:22,0.00
2024-04-02 19:34:23,0.03
2024-04-02 19:34:24,0.05
2024-04-02 19:34:25,0.04
2024-04-02 19:34:26,0.04
2024-04-02 19:34:27,0.05
2024-04-02 19:34:28,0.00
2024-04-02 19:34:29,0.01
2024-04-02 19:34:30,0.04
2024-04-02 19:34:31,0.03
2024-04-02 19:34:32,0.02
2024-04-02 19:34:33,0.00
2024-04-02 19:34:34,0.02
2024-04-02 19:34:35,0.03
2024-04-02 19:34:36,0.01
2024-04-02 19:34:37,0.01
2024-04-02 19:34:38,0.04
2024-04-02 19:34:39,0.05
2024-04-02 19:34:40,0.03
2024-04-02 19:34:41,0.01
2024-04-02 19:34:42,0.02
2024-04-02 19:34:43,0.01
2024-04-02 19:34:44,0.00
2024-04-02 19:34:45,0.01
2024-04-02 19:34:46,0.04
2024-04-02 19:34:47,0.07
2024-04-02 19:34:48,0.02
2024-04-02 19:34:49,0.20
2024-04-02 19:34:50,0.32
2024-04-02 19:34:51,0.17
2024-04-02 19:34:52,0.02
2024-04-02 19:34:53,0.13
2024-04-02 19:34:54,0.16
2024-04-02 19:34:55,0.22
2024-04-02 19:34:56,0.24
2024-04-02 19:34:57,0.14
2024-04-02 19:34:58,0.07
2024-04-02 19:34:59,0.02
2024-04-02 19:35:00,0.04
2024-04-02 19:35:01,0.21
2024-04-02 19:35:02,0.37
2024-04-02 19:35:03,0.47
2024-04-02 19:35:04,0.55
2024-04-02 19:35:05,0.57
2024-04-02 19:35:06,0.52
2024-04-02 19:35:07,0.48
2024-04-02 19:35:08,0.49
2024-04-02 19:35:09,0.50
2024-04-02 19:35:10,0.26
2024-04-02 19:35:11,0.03
2024-04-02 19:35:12,0.11
2024-04-02 19:35:13,0.14
2024-04-02 19:35:14,0.30
2024-04-02 19:35:15,0.32
2024-04-02 19:35:16,0.43
2024-04-02 19:35:17,1.91
2024-04-02 19:35:18,3.74
2024-04-02 19:35:19,5.91
2024-04-02 19:35:20,7.84
2024-04-02 19:35:21,9.07
2024-04-02 19:35:22,9.52
2024-04-02 19:35:23,9.56
2024-04-02 19:35:24,9.48
2024-04-02 19:35:25,9.45
2024-04-02 19:35:26,9.65
2024-04-02 19:35:27,10.06
2024-04-02 19:35:28,10.47
2024-04-02 19:35:29,10.87
2024-04-02 19:35:30,11.35
2024-04-02 19:35:31,11.83
2024-04-02 19:35:32,12.25
2024-04-02 19:35:33,12.57
2024-04-02 19:35:34,12.61
2024-04-02 19:35:35,12.65
2024-04-02 19:35:36,12.66
2024-04-02 19:35:37,12.73
2024-04-02 19:35:38,12.73
2024-04-02 19:35:39,12.66
2024-04-02 19:35:40,12.56
2024-04-02 19:35:41,12.41
2024-04-02 19:35:42,12.35
2024-04-02 19:35:43,12.29
2024-04-02 19:35:44,12.58
2024-04-02 19:35:45,13.01
2024-04-02 19:35:47,13.21
2024-04-02 19:35:48,13.52
2024-04-02 19:35:49,13.86
2024-04-02 19:35:50,14.03
2024-04-02 19:35:51,14.30
2024-04-02 19:35:52,14.62
2024-04-02 19:35:53,14.83
2024-04-02 19:35:54,14.79
2024-04-02 19:35:55,14.69
2024-04-02 19:35:56,14.83
2024-04-02 19:35:57,15.52
2024-04-02 19:35:58,15.94
2024-04-02 19:35:59,16.15
2024-04-02 19:36:00,16.18
2024-04-02 19:36:01,16.25
2024-04-02 19:36:02,16.39
2024-04-02 19:36:03,16.29
2024-04-02 19:36:04,16.03
2024-04-02 19:36:05,15.79
2024-04-02 19:36:06,15.74
2024-04-02 19:36:07,15.55
2024-04-02 19:36:08,15.31
2024-04-02 19:36:09,15.43
2024-04-02 19:36:10,15.61
2024-04-02 19:36:11,15.86
2024-04-02 19:36:12,16.17
2024-04-02 19:36:13,16.36
2024-04-02 19:36:14,16.34
2024-04-02 19:36:15,16.17
2024-04-02 19:36:16,15.94
2024-04-02 19:36:17,15.93
2024-04-02 19:36:18,15.94
2024-04-02 19:36:19,15.78
2024-04-02 19:36:20,15.66
2024-04-02 19:36:21,15.63
2024-04-02 19:36:22,15.46
2024-04-02 19:36:23,14.97
2024-04-02 19:36:24,14.46
2024-04-02 19:36:25,14.28
2024-04-02 19:36:26,14.09
2024-04-02 19:36:27,13.50
2024-04-02 19:36:28,12.69
2024-04-02 19:36:29,12.40
2024-04-02 19:36:30,12.43
2024-04-02 19:36:31,12.59
2024-04-02 19:36:32,12.73
2024-04-02 19:36:33,12.90
2024-04-02 19:36:34,13.19
2024-04-02 19:36:35,13.52
2024-04-02 19:36:36,13.67
2024-04-02 19:36:37,13.55
2024-04-02 19:36:38,13.59
2024-04-02 19:36:39,13.72
2024-04-02 19:36:40,13.83
2024-04-02 19:36:41,13.91
2024-04-02 19:36:42,13.67
2024-04-02 19:36:43,13.48
2024-04-02 19:36:44,13.45
2024-04-02 19:36:45,13.50
2024-04-02 19:36:46,13.57
2024-04-02 19:36:47,13.69
2024-04-02 19:36:48,13.89
2024-04-02 19:36:49,13.97
2024-04-02 19:36:50,14.05
2024-04-02 19:36:51,14.10
2024-04-02 19:36:52,14.07
2024-04-02 19:36:53,13.96
2024-04-02 19:36:54,13.74
2024-04-02 19:36:55,13.46
2024-04-02 19:36:56,13.30
2024-04-02 19:36:57,12.82
2024-04-02 19:36:58,11.22
2024-04-02 19:36:59,8.16
2024-04-02 19:37:00,5.07
2024-04-02 19:37:01,3.38
2024-04-02 19:37:02,2.36
2024-04-02 19:37:03,1.62
2024-04-02 19:37:04,0.97
2024-04-02 19:37:05,0.58
2024-04-02 19:37:06,0.38
2024-04-02 19:37:07,0.35
2024-04-02 19:37:08,0.37
2024-04-02 19:37:09,0.38
2024-04-02 19:37:10,0.37
2024-04-02 19:37:11,0.37
2024-04-02 19:37:12,0.44
2024-04-02 19:37:13,0.49
2024-04-02 19:37:14,0.45
2024-04-02 19:37:15,0.53
2024-04-02 19:37:16,0.59
2024-04-02 19:37:17,0.49
2024-04-02 19:37:18,0.37
2024-04-02 19:37:19,0.38
2024-04-02 19:37:21,0.50
2024-04-02 19:37:22,0.47
2024-04-02 19:37:23,0.43
2024-04-02 19:37:24,0.40
2024-04-02 19:37:25,0.37
2024-04-02 19:37:26,0.43
2024-04-02 19:37:27,0.44
2024-04-02 19:37:28,0.41
2024-04-02 19:37:29,0.38
2024-04-02 19:37:30,0.35
2024-04-02 19:37:31,0.18
2024-04-02 19:37:32,0.05
2024-04-02 19:37:33,0.02
2024-04-02 19:37:34,0.05
2024-04-02 19:37:35,0.11
2024-04-02 19:37:36,0.10
2024-04-02 19:37:37,0.12
2024-04-02 19:37:38,0.38
2024-04-02 19:37:39,0.38
2024-04-02 19:37:40,0.27
2024-04-02 19:37:41,0.26
2024-04-02 19:37:42,0.10
2024-04-02 19:37:43,0.05
2024-04-02 19:37:44,0.13
2024-04-02 19:37:45,0.28
2024-04-02 19:37:46,0.50
2024-04-02 19:37:47,0.57
2024-04-02 19:37:48,0.60
2024-04-02 19:37:49,0.62
2024-04-02 20:37:10.707512,0.05
2024-04-02 20:37:11.713183,0.03
2024-04-02 20:37:12.714511,0.02
2024-04-02 20:37:13.724806,0.01
2024-04-02 20:37:14.735852,0.00
